Country Name, Population, GDPPC, Poverty headcount ratio
Brazil, 206077898, 11726.80588, 7.4
Colombia, 47791393,7903.925773, 27.8
Dominican Republic, 10405943, 6163.575857, 41.1
El Salvador, 6107706,4119.992023, 31.8
Guatemala, 16015494, 3673.135843, 59.29
Haiti,10572029,824.1597732, 58.70
Mexico, 125385833,10325.64607, 52.30